{"cameraMode":{"drawMode":0,"name":"Shaded","section":"Shading Mode"},"sceneLighting":false,"audioPlay":false,"sceneViewState":{"showFog":true,"showMaterialUpdate":false,"showSkybox":false,"showFlares":true,"showImageEffects":true,"showParticleSystems":true},"in2DMode":false,"pivot":{"x":-57.12628173828125,"y":11.977689743041993,"z":-379.91082763671877},"rotation":{"x":0.6025863885879517,"y":-0.06799744814634323,"z":0.051665451377630237,"w":0.7934900522232056},"size":20.526979446411134,"orthographic":false}