{"cameraMode":{"drawMode":0,"name":"Shaded","section":"Shading Mode"},"sceneLighting":false,"audioPlay":false,"sceneViewState":{"showFog":true,"showMaterialUpdate":true,"showSkybox":false,"showFlares":true,"showImageEffects":true,"showParticleSystems":true},"in2DMode":false,"pivot":{"x":0.0,"y":0.7450000643730164,"z":-0.5491504669189453},"rotation":{"x":-0.44183358550071719,"y":0.1010839119553566,"z":-0.05018371343612671,"w":-0.889974057674408},"size":0.4555343985557556,"orthographic":false}