{"cameraMode":{"drawMode":0,"name":"Shaded","section":"Shading Mode"},"sceneLighting":true,"audioPlay":false,"sceneViewState":{"showFog":true,"showMaterialUpdate":true,"showSkybox":true,"showFlares":true,"showImageEffects":true,"showParticleSystems":true},"in2DMode":false,"pivot":{"x":-59.88193893432617,"y":-161.10064697265626,"z":-2039.381591796875},"rotation":{"x":-0.25669634342193606,"y":0.0382595956325531,"z":-0.01017108652740717,"w":-0.9656871557235718},"size":598.4029541015625,"orthographic":false}